timestamp,can_id_hex,can_id_dec,signal_name,value,unit,status,dtc,raw_data_hex
2026-05-21 15:09:05.718,0x100,256,speed_kph,0.2,km/h,OK,,00 02 00 00 00 00 AA AA
2026-05-21 15:09:05.719,0x101,257,rpm,793.75,rpm,OK,,0C 67 00 00 00 00 00 00
2026-05-21 15:09:05.719,0x102,258,temp_c,20,C,OK,,3C 00 00 00 00 00 00 00
2026-05-21 15:09:05.720,0x200,512,accel_x_g,0.251,g,OK,,00 FB FF FE 31 38 00 00
2026-05-21 15:09:05.720,0x200,512,accel_y_g,-0.002,g,OK,,00 FB FF FE 31 38 00 00
2026-05-21 15:09:05.720,0x200,512,voltage_v,12.6,V,OK,,00 FB FF FE 31 38 00 00
2026-05-21 15:09:05.818,0x100,256,speed_kph,0.5,km/h,OK,,00 05 00 00 00 00 AA AA
2026-05-21 15:09:05.818,0x101,257,rpm,803.0,rpm,OK,,0C 8C 00 00 00 00 00 00
2026-05-21 15:09:05.819,0x102,258,temp_c,20,C,OK,,3C 00 00 00 00 00 00 00
2026-05-21 15:09:05.820,0x200,512,accel_x_g,0.253,g,OK,,00 FD 00 00 36 02 00 00
2026-05-21 15:09:05.820,0x200,512,accel_y_g,0.0,g,OK,,00 FD 00 00 36 02 00 00
2026-05-21 15:09:05.820,0x200,512,voltage_v,13.826,V,OK,,00 FD 00 00 36 02 00 00
2026-05-21 15:09:05.918,0x100,256,speed_kph,0.7,km/h,OK,,00 07 00 00 00 00 AA AA
2026-05-21 15:09:05.919,0x101,257,rpm,863.5,rpm,OK,,0D 7E 00 00 00 00 00 00
2026-05-21 15:09:05.920,0x102,258,temp_c,20,C,OK,,3C 00 00 00 00 00 00 00
2026-05-21 15:09:05.920,0x200,512,accel_x_g,0.257,g,OK,,01 01 00 05 35 98 00 00
2026-05-21 15:09:05.920,0x200,512,accel_y_g,0.005,g,OK,,01 01 00 05 35 98 00 00
2026-05-21 15:09:05.920,0x200,512,voltage_v,13.72,V,OK,,01 01 00 05 35 98 00 00
2026-05-21 15:09:06.019,0x100,256,speed_kph,1.0,km/h,OK,,00 0A 00 00 00 00 AA AA
2026-05-21 15:09:06.019,0x101,257,rpm,840.75,rpm,OK,,0D 23 00 00 00 00 00 00
2026-05-21 15:09:06.020,0x102,258,temp_c,20,C,OK,,3C 00 00 00 00 00 00 00
2026-05-21 15:09:06.021,0x200,512,accel_x_g,0.252,g,OK,,00 FC 00 02 35 E3 00 00
2026-05-21 15:09:06.021,0x200,512,accel_y_g,0.002,g,OK,,00 FC 00 02 35 E3 00 00
2026-05-21 15:09:06.021,0x200,512,voltage_v,13.795,V,OK,,00 FC 00 02 35 E3 00 00
2026-05-21 15:09:06.119,0x100,256,speed_kph,1.2,km/h,OK,,00 0C 00 00 00 00 AA AA
2026-05-21 15:09:06.119,0x101,257,rpm,789.5,rpm,OK,,0C 56 00 00 00 00 00 00
2026-05-21 15:09:06.121,0x102,258,temp_c,20,C,OK,,3C 00 00 00 00 00 00 00
2026-05-21 15:09:06.121,0x200,512,accel_x_g,0.249,g,OK,,00 F9 00 00 31 38 00 00
2026-05-21 15:09:06.121,0x200,512,accel_y_g,0.0,g,OK,,00 F9 00 00 31 38 00 00
2026-05-21 15:09:06.121,0x200,512,voltage_v,12.6,V,OK,,00 F9 00 00 31 38 00 00
2026-05-21 15:09:06.220,0x100,256,speed_kph,1.5,km/h,OK,,00 0F 00 00 00 00 AA AA
2026-05-21 15:09:06.220,0x101,257,rpm,814.75,rpm,OK,,0C BB 00 00 00 00 00 00
2026-05-21 15:09:06.221,0x102,258,temp_c,20,C,OK,,3C 00 00 00 00 00 00 00
2026-05-21 15:09:06.221,0x200,512,accel_x_g,0.248,g,OK,,00 F8 00 06 35 DB 00 00
2026-05-21 15:09:06.221,0x200,512,accel_y_g,0.006,g,OK,,00 F8 00 06 35 DB 00 00
2026-05-21 15:09:06.221,0x200,512,voltage_v,13.787,V,OK,,00 F8 00 06 35 DB 00 00
2026-05-21 15:09:06.320,0x100,256,speed_kph,1.7,km/h,OK,,00 11 00 00 00 00 AA AA
2026-05-21 15:09:06.320,0x101,257,rpm,817.25,rpm,OK,,0C C5 00 00 00 00 00 00
2026-05-21 15:09:06.321,0x102,258,temp_c,20,C,OK,,3C 00 00 00 00 00 00 00
2026-05-21 15:09:06.322,0x200,512,accel_x_g,0.263,g,OK,,01 07 00 00 35 DE 00 00
2026-05-21 15:09:06.322,0x200,512,accel_y_g,0.0,g,OK,,01 07 00 00 35 DE 00 00
2026-05-21 15:09:06.322,0x200,512,voltage_v,13.79,V,OK,,01 07 00 00 35 DE 00 00
2026-05-21 15:09:06.420,0x100,256,speed_kph,2.0,km/h,OK,,00 14 00 00 00 00 AA AA
2026-05-21 15:09:06.421,0x101,257,rpm,861.75,rpm,OK,,0D 77 00 00 00 00 00 00
2026-05-21 15:09:06.422,0x102,258,temp_c,20,C,OK,,3C 00 00 00 00 00 00 00
2026-05-21 15:09:06.422,0x200,512,accel_x_g,0.252,g,OK,,00 FC 00 00 36 10 00 00
2026-05-21 15:09:06.422,0x200,512,accel_y_g,0.0,g,OK,,00 FC 00 00 36 10 00 00
2026-05-21 15:09:06.422,0x200,512,voltage_v,13.84,V,OK,,00 FC 00 00 36 10 00 00
2026-05-21 15:09:06.521,0x100,256,speed_kph,2.2,km/h,OK,,00 16 00 00 00 00 AA AA
2026-05-21 15:09:06.521,0x101,257,rpm,818.25,rpm,OK,,0C C9 00 00 00 00 00 00
2026-05-21 15:09:06.522,0x102,258,temp_c,20,C,OK,,3C 00 00 00 00 00 00 00
2026-05-21 15:09:06.523,0x200,512,accel_x_g,0.26,g,OK,,01 04 FF FA 36 1E 00 00
2026-05-21 15:09:06.523,0x200,512,accel_y_g,-0.006,g,OK,,01 04 FF FA 36 1E 00 00
2026-05-21 15:09:06.523,0x200,512,voltage_v,13.854,V,OK,,01 04 FF FA 36 1E 00 00
2026-05-21 15:09:06.621,0x100,256,speed_kph,2.5,km/h,OK,,00 19 00 00 00 00 AA AA
2026-05-21 15:09:06.621,0x101,257,rpm,855.25,rpm,OK,,0D 5D 00 00 00 00 00 00
2026-05-21 15:09:06.623,0x102,258,temp_c,20,C,OK,,3C 00 00 00 00 00 00 00
2026-05-21 15:09:06.623,0x200,512,accel_x_g,0.262,g,OK,,01 06 FF FC 36 06 00 00
2026-05-21 15:09:06.623,0x200,512,accel_y_g,-0.004,g,OK,,01 06 FF FC 36 06 00 00
2026-05-21 15:09:06.623,0x200,512,voltage_v,13.83,V,OK,,01 06 FF FC 36 06 00 00
2026-05-21 15:09:06.624,0x7ff,2047,heartbeat_count,1,count,OK,,00 00 00 01 00 00 00 00
2026-05-21 15:09:06.722,0x100,256,speed_kph,2.7,km/h,OK,,00 1B 00 00 00 00 AA AA
2026-05-21 15:09:06.722,0x101,257,rpm,857.5,rpm,OK,,0D 66 00 00 00 00 00 00
2026-05-21 15:09:06.723,0x102,258,temp_c,20,C,OK,,3C 00 00 00 00 00 00 00
2026-05-21 15:09:06.723,0x200,512,accel_x_g,0.248,g,OK,,00 F8 FF FF 35 F1 00 00
2026-05-21 15:09:06.723,0x200,512,accel_y_g,-0.001,g,OK,,00 F8 FF FF 35 F1 00 00
2026-05-21 15:09:06.723,0x200,512,voltage_v,13.809,V,OK,,00 F8 FF FF 35 F1 00 00
2026-05-21 15:09:06.822,0x100,256,speed_kph,3.0,km/h,OK,,00 1E 00 00 00 00 AA AA
2026-05-21 15:09:06.822,0x101,257,rpm,880.0,rpm,OK,,0D C0 00 00 00 00 00 00
2026-05-21 15:09:06.823,0x102,258,temp_c,20,C,OK,,3C 00 00 00 00 00 00 00
2026-05-21 15:09:06.823,0x200,512,accel_x_g,0.25,g,OK,,00 FA 00 00 35 E5 00 00
2026-05-21 15:09:06.823,0x200,512,accel_y_g,0.0,g,OK,,00 FA 00 00 35 E5 00 00
2026-05-21 15:09:06.823,0x200,512,voltage_v,13.797,V,OK,,00 FA 00 00 35 E5 00 00
2026-05-21 15:09:06.922,0x100,256,speed_kph,3.2,km/h,OK,,00 20 00 00 00 00 AA AA
2026-05-21 15:09:06.922,0x101,257,rpm,943.0,rpm,OK,,0E BC 00 00 00 00 00 00
2026-05-21 15:09:06.923,0x102,258,temp_c,20,C,OK,,3C 00 00 00 00 00 00 00
2026-05-21 15:09:06.924,0x200,512,accel_x_g,0.259,g,OK,,01 03 FF FD 35 EB 00 00
2026-05-21 15:09:06.924,0x200,512,accel_y_g,-0.003,g,OK,,01 03 FF FD 35 EB 00 00
2026-05-21 15:09:06.924,0x200,512,voltage_v,13.803,V,OK,,01 03 FF FD 35 EB 00 00
2026-05-21 15:09:07.022,0x100,256,speed_kph,3.5,km/h,OK,,00 23 00 00 00 00 AA AA
2026-05-21 15:09:07.022,0x101,257,rpm,945.75,rpm,OK,,0E C7 00 00 00 00 00 00
2026-05-21 15:09:07.024,0x102,258,temp_c,20,C,OK,,3C 00 00 00 00 00 00 00
2026-05-21 15:09:07.024,0x200,512,accel_x_g,0.252,g,OK,,00 FC 00 00 36 04 00 00
2026-05-21 15:09:07.024,0x200,512,accel_y_g,0.0,g,OK,,00 FC 00 00 36 04 00 00
2026-05-21 15:09:07.024,0x200,512,voltage_v,13.828,V,OK,,00 FC 00 00 36 04 00 00
2026-05-21 15:09:07.123,0x100,256,speed_kph,3.7,km/h,OK,,00 25 00 00 00 00 AA AA
2026-05-21 15:09:07.123,0x101,257,rpm,928.5,rpm,OK,,0E 82 00 00 00 00 00 00
2026-05-21 15:09:07.124,0x102,258,temp_c,20,C,OK,,3C 00 00 00 00 00 00 00
2026-05-21 15:09:07.124,0x200,512,accel_x_g,0.255,g,OK,,00 FF 00 00 35 CB 00 00
2026-05-21 15:09:07.124,0x200,512,accel_y_g,0.0,g,OK,,00 FF 00 00 35 CB 00 00
2026-05-21 15:09:07.124,0x200,512,voltage_v,13.771,V,OK,,00 FF 00 00 35 CB 00 00
2026-05-21 15:09:07.223,0x100,256,speed_kph,4.0,km/h,OK,,00 28 00 00 00 00 AA AA
2026-05-21 15:09:07.223,0x101,257,rpm,955.75,rpm,OK,,0E EF 00 00 00 00 00 00
2026-05-21 15:09:07.225,0x102,258,temp_c,20,C,OK,,3C 00 00 00 00 00 00 00
2026-05-21 15:09:07.225,0x200,512,accel_x_g,0.253,g,OK,,00 FD 00 02 35 FB 00 00
2026-05-21 15:09:07.225,0x200,512,accel_y_g,0.002,g,OK,,00 FD 00 02 35 FB 00 00
2026-05-21 15:09:07.225,0x200,512,voltage_v,13.819,V,OK,,00 FD 00 02 35 FB 00 00
2026-05-21 15:09:07.323,0x100,256,speed_kph,4.2,km/h,OK,,00 2A 00 00 00 00 AA AA
2026-05-21 15:09:07.324,0x101,257,rpm,900.5,rpm,OK,,0E 12 00 00 00 00 00 00
2026-05-21 15:09:07.325,0x102,258,temp_c,20,C,OK,,3C 00 00 00 00 00 00 00
2026-05-21 15:09:07.325,0x200,512,accel_x_g,0.256,g,OK,,01 00 FF FD 35 D6 00 00
2026-05-21 15:09:07.325,0x200,512,accel_y_g,-0.003,g,OK,,01 00 FF FD 35 D6 00 00
2026-05-21 15:09:07.325,0x200,512,voltage_v,13.782,V,OK,,01 00 FF FD 35 D6 00 00
2026-05-21 15:09:07.424,0x100,256,speed_kph,4.5,km/h,OK,,00 2D 00 00 00 00 AA AA
2026-05-21 15:09:07.424,0x101,257,rpm,947.5,rpm,OK,,0E CE 00 00 00 00 00 00
2026-05-21 15:09:07.425,0x102,258,temp_c,20,C,OK,,3C 00 00 00 00 00 00 00
2026-05-21 15:09:07.426,0x200,512,accel_x_g,0.258,g,OK,,01 02 FF FF 35 DD 00 00
2026-05-21 15:09:07.426,0x200,512,accel_y_g,-0.001,g,OK,,01 02 FF FF 35 DD 00 00
2026-05-21 15:09:07.426,0x200,512,voltage_v,13.789,V,OK,,01 02 FF FF 35 DD 00 00
2026-05-21 15:09:07.524,0x100,256,speed_kph,4.7,km/h,OK,,00 2F 00 00 00 00 AA AA
2026-05-21 15:09:07.524,0x101,257,rpm,893.0,rpm,OK,,0D F4 00 00 00 00 00 00
2026-05-21 15:09:07.526,0x102,258,temp_c,20,C,OK,,3C 00 00 00 00 00 00 00
2026-05-21 15:09:07.526,0x200,512,accel_x_g,0.256,g,OK,,01 00 FF FF 36 0F 00 00
2026-05-21 15:09:07.526,0x200,512,accel_y_g,-0.001,g,OK,,01 00 FF FF 36 0F 00 00
2026-05-21 15:09:07.526,0x200,512,voltage_v,13.839,V,OK,,01 00 FF FF 36 0F 00 00
2026-05-21 15:09:07.624,0x100,256,speed_kph,5.0,km/h,OK,,00 32 00 00 00 00 AA AA
2026-05-21 15:09:07.625,0x101,257,rpm,995.25,rpm,OK,,0F 8D 00 00 00 00 00 00
2026-05-21 15:09:07.626,0x102,258,temp_c,21,C,OK,,3D 00 00 00 00 00 00 00
2026-05-21 15:09:07.626,0x200,512,accel_x_g,0.255,g,OK,,00 FF FF FE 35 D1 00 00
2026-05-21 15:09:07.626,0x200,512,accel_y_g,-0.002,g,OK,,00 FF FF FE 35 D1 00 00
2026-05-21 15:09:07.626,0x200,512,voltage_v,13.777,V,OK,,00 FF FF FE 35 D1 00 00
2026-05-21 15:09:07.628,0x7ff,2047,heartbeat_count,2,count,OK,,00 00 00 02 00 00 00 00
2026-05-21 15:09:07.725,0x100,256,speed_kph,5.2,km/h,OK,,00 34 00 00 00 00 AA AA
2026-05-21 15:09:07.726,0x101,257,rpm,944.0,rpm,OK,,0E C0 00 00 00 00 00 00
2026-05-21 15:09:07.727,0x102,258,temp_c,21,C,OK,,3D 00 00 00 00 00 00 00
2026-05-21 15:09:07.727,0x200,512,accel_x_g,0.253,g,OK,,00 FD 00 05 36 00 00 00
2026-05-21 15:09:07.727,0x200,512,accel_y_g,0.005,g,OK,,00 FD 00 05 36 00 00 00
2026-05-21 15:09:07.727,0x200,512,voltage_v,13.824,V,OK,,00 FD 00 05 36 00 00 00
2026-05-21 15:09:07.825,0x100,256,speed_kph,5.5,km/h,OK,,00 37 00 00 00 00 AA AA
2026-05-21 15:09:07.825,0x101,257,rpm,952.25,rpm,OK,,0E E1 00 00 00 00 00 00
2026-05-21 15:09:07.827,0x102,258,temp_c,21,C,OK,,3D 00 00 00 00 00 00 00
2026-05-21 15:09:07.827,0x200,512,accel_x_g,0.255,g,OK,,00 FF 00 01 35 C5 00 00
2026-05-21 15:09:07.827,0x200,512,accel_y_g,0.001,g,OK,,00 FF 00 01 35 C5 00 00
2026-05-21 15:09:07.827,0x200,512,voltage_v,13.765,V,OK,,00 FF 00 01 35 C5 00 00
2026-05-21 15:09:07.926,0x100,256,speed_kph,5.7,km/h,OK,,00 39 00 00 00 00 AA AA
2026-05-21 15:09:07.926,0x101,257,rpm,947.25,rpm,OK,,0E CD 00 00 00 00 00 00
2026-05-21 15:09:07.927,0x102,258,temp_c,21,C,OK,,3D 00 00 00 00 00 00 00
2026-05-21 15:09:07.927,0x200,512,accel_x_g,0.26,g,OK,,01 04 00 00 35 92 00 00
2026-05-21 15:09:07.927,0x200,512,accel_y_g,0.0,g,OK,,01 04 00 00 35 92 00 00
2026-05-21 15:09:07.927,0x200,512,voltage_v,13.714,V,OK,,01 04 00 00 35 92 00 00
2026-05-21 15:09:08.026,0x100,256,speed_kph,6.0,km/h,OK,,00 3C 00 00 00 00 AA AA
2026-05-21 15:09:08.027,0x101,257,rpm,936.25,rpm,OK,,0E A1 00 00 00 00 00 00
2026-05-21 15:09:08.027,0x102,258,temp_c,21,C,OK,,3D 00 00 00 00 00 00 00
2026-05-21 15:09:08.028,0x200,512,accel_x_g,0.254,g,OK,,00 FE 00 00 35 DA 00 00
2026-05-21 15:09:08.028,0x200,512,accel_y_g,0.0,g,OK,,00 FE 00 00 35 DA 00 00
2026-05-21 15:09:08.028,0x200,512,voltage_v,13.786,V,OK,,00 FE 00 00 35 DA 00 00
2026-05-21 15:09:08.126,0x100,256,speed_kph,6.2,km/h,OK,,00 3E 00 00 00 00 AA AA
2026-05-21 15:09:08.127,0x101,257,rpm,1019.0,rpm,OK,,0F EC 00 00 00 00 00 00
2026-05-21 15:09:08.128,0x102,258,temp_c,21,C,OK,,3D 00 00 00 00 00 00 00
2026-05-21 15:09:08.128,0x200,512,accel_x_g,0.25,g,OK,,00 FA 00 04 35 D1 00 00
2026-05-21 15:09:08.128,0x200,512,accel_y_g,0.004,g,OK,,00 FA 00 04 35 D1 00 00
2026-05-21 15:09:08.128,0x200,512,voltage_v,13.777,V,OK,,00 FA 00 04 35 D1 00 00
2026-05-21 15:09:08.226,0x100,256,speed_kph,6.5,km/h,OK,,00 41 00 00 00 00 AA AA
2026-05-21 15:09:08.227,0x101,257,rpm,1005.25,rpm,OK,,0F B5 00 00 00 00 00 00
2026-05-21 15:09:08.228,0x102,258,temp_c,21,C,OK,,3D 00 00 00 00 00 00 00
2026-05-21 15:09:08.228,0x200,512,accel_x_g,0.259,g,OK,,01 03 00 00 36 14 00 00
2026-05-21 15:09:08.228,0x200,512,accel_y_g,0.0,g,OK,,01 03 00 00 36 14 00 00
2026-05-21 15:09:08.228,0x200,512,voltage_v,13.844,V,OK,,01 03 00 00 36 14 00 00
2026-05-21 15:09:08.327,0x100,256,speed_kph,6.7,km/h,OK,,00 43 00 00 00 00 AA AA
2026-05-21 15:09:08.327,0x101,257,rpm,958.75,rpm,OK,,0E FB 00 00 00 00 00 00
2026-05-21 15:09:08.328,0x102,258,temp_c,21,C,OK,,3D 00 00 00 00 00 00 00
2026-05-21 15:09:08.328,0x200,512,accel_x_g,0.252,g,OK,,00 FC 00 00 36 75 00 00
2026-05-21 15:09:08.328,0x200,512,accel_y_g,0.0,g,OK,,00 FC 00 00 36 75 00 00
2026-05-21 15:09:08.328,0x200,512,voltage_v,13.941,V,OK,,00 FC 00 00 36 75 00 00
2026-05-21 15:09:08.427,0x100,256,speed_kph,7.0,km/h,OK,,00 46 00 00 00 00 AA AA
2026-05-21 15:09:08.428,0x101,257,rpm,977.75,rpm,OK,,0F 47 00 00 00 00 00 00
2026-05-21 15:09:08.429,0x102,258,temp_c,21,C,OK,,3D 00 00 00 00 00 00 00
2026-05-21 15:09:08.429,0x200,512,accel_x_g,0.256,g,OK,,01 00 FF FA 35 93 00 00
2026-05-21 15:09:08.429,0x200,512,accel_y_g,-0.006,g,OK,,01 00 FF FA 35 93 00 00
2026-05-21 15:09:08.429,0x200,512,voltage_v,13.715,V,OK,,01 00 FF FA 35 93 00 00
2026-05-21 15:09:08.527,0x100,256,speed_kph,7.2,km/h,OK,,00 48 00 00 00 00 AA AA
2026-05-21 15:09:08.528,0x101,257,rpm,979.25,rpm,OK,,0F 4D 00 00 00 00 00 00
2026-05-21 15:09:08.529,0x102,258,temp_c,21,C,OK,,3D 00 00 00 00 00 00 00
2026-05-21 15:09:08.529,0x200,512,accel_x_g,0.253,g,OK,,00 FD 00 00 35 A9 00 00
2026-05-21 15:09:08.529,0x200,512,accel_y_g,0.0,g,OK,,00 FD 00 00 35 A9 00 00
2026-05-21 15:09:08.529,0x200,512,voltage_v,13.737,V,OK,,00 FD 00 00 35 A9 00 00
2026-05-21 15:09:08.628,0x100,256,speed_kph,7.5,km/h,OK,,00 4B 00 00 00 00 AA AA
2026-05-21 15:09:08.628,0x101,257,rpm,1027.5,rpm,OK,,10 0E 00 00 00 00 00 00
2026-05-21 15:09:08.629,0x102,258,temp_c,21,C,OK,,3D 00 00 00 00 00 00 00
2026-05-21 15:09:08.630,0x200,512,accel_x_g,0.257,g,OK,,01 01 FF FF 35 D9 00 00
2026-05-21 15:09:08.630,0x200,512,accel_y_g,-0.001,g,OK,,01 01 FF FF 35 D9 00 00
2026-05-21 15:09:08.630,0x200,512,voltage_v,13.785,V,OK,,01 01 FF FF 35 D9 00 00
2026-05-21 15:09:08.631,0x7ff,2047,heartbeat_count,3,count,OK,,00 00 00 03 00 00 00 00
2026-05-21 15:09:08.728,0x100,256,speed_kph,7.7,km/h,OK,,00 4D 00 00 00 00 AA AA
2026-05-21 15:09:08.728,0x101,257,rpm,1067.75,rpm,OK,,10 AF 00 00 00 00 00 00
2026-05-21 15:09:08.730,0x102,258,temp_c,21,C,OK,,3D 00 00 00 00 00 00 00
2026-05-21 15:09:08.730,0x200,512,accel_x_g,0.256,g,OK,,01 00 FF FD 35 D2 00 00
2026-05-21 15:09:08.730,0x200,512,accel_y_g,-0.003,g,OK,,01 00 FF FD 35 D2 00 00
2026-05-21 15:09:08.730,0x200,512,voltage_v,13.778,V,OK,,01 00 FF FD 35 D2 00 00
2026-05-21 15:09:08.828,0x100,256,speed_kph,8.0,km/h,OK,,00 50 00 00 00 00 AA AA
2026-05-21 15:09:08.829,0x101,257,rpm,1076.25,rpm,OK,,10 D1 00 00 00 00 00 00
2026-05-21 15:09:08.830,0x102,258,temp_c,21,C,OK,,3D 00 00 00 00 00 00 00
2026-05-21 15:09:08.830,0x200,512,accel_x_g,0.259,g,OK,,01 03 FF FC 36 29 00 00
2026-05-21 15:09:08.830,0x200,512,accel_y_g,-0.004,g,OK,,01 03 FF FC 36 29 00 00
2026-05-21 15:09:08.830,0x200,512,voltage_v,13.865,V,OK,,01 03 FF FC 36 29 00 00
2026-05-21 15:09:08.929,0x100,256,speed_kph,8.2,km/h,OK,,00 52 00 00 00 00 AA AA
2026-05-21 15:09:08.929,0x101,257,rpm,1022.75,rpm,OK,,0F FB 00 00 00 00 00 00
2026-05-21 15:09:08.930,0x102,258,temp_c,21,C,OK,,3D 00 00 00 00 00 00 00
2026-05-21 15:09:08.930,0x200,512,accel_x_g,0.262,g,OK,,01 06 00 00 35 D6 00 00
2026-05-21 15:09:08.930,0x200,512,accel_y_g,0.0,g,OK,,01 06 00 00 35 D6 00 00
2026-05-21 15:09:08.930,0x200,512,voltage_v,13.782,V,OK,,01 06 00 00 35 D6 00 00
2026-05-21 15:09:09.029,0x100,256,speed_kph,8.5,km/h,OK,,00 55 00 00 00 00 AA AA
2026-05-21 15:09:09.030,0x101,257,rpm,1087.25,rpm,OK,,10 FD 00 00 00 00 00 00
2026-05-21 15:09:09.030,0x102,258,temp_c,21,C,OK,,3D 00 00 00 00 00 00 00
2026-05-21 15:09:09.031,0x200,512,accel_x_g,0.255,g,OK,,00 FF 00 00 35 C6 00 00
2026-05-21 15:09:09.031,0x200,512,accel_y_g,0.0,g,OK,,00 FF 00 00 35 C6 00 00
2026-05-21 15:09:09.031,0x200,512,voltage_v,13.766,V,OK,,00 FF 00 00 35 C6 00 00
2026-05-21 15:09:09.129,0x100,256,speed_kph,8.7,km/h,OK,,00 57 00 00 00 00 AA AA
2026-05-21 15:09:09.130,0x101,257,rpm,1053.25,rpm,OK,,10 75 00 00 00 00 00 00
2026-05-21 15:09:09.131,0x102,258,temp_c,21,C,OK,,3D 00 00 00 00 00 00 00
2026-05-21 15:09:09.131,0x200,512,accel_x_g,0.253,g,OK,,00 FD 00 01 35 F2 00 00
2026-05-21 15:09:09.131,0x200,512,accel_y_g,0.001,g,OK,,00 FD 00 01 35 F2 00 00
2026-05-21 15:09:09.131,0x200,512,voltage_v,13.81,V,OK,,00 FD 00 01 35 F2 00 00
2026-05-21 15:09:09.230,0x100,256,speed_kph,9.0,km/h,OK,,00 5A 00 00 00 00 AA AA
2026-05-21 15:09:09.230,0x101,257,rpm,1048.25,rpm,OK,,10 61 00 00 00 00 00 00
2026-05-21 15:09:09.231,0x102,258,temp_c,21,C,OK,,3D 00 00 00 00 00 00 00
2026-05-21 15:09:09.231,0x200,512,accel_x_g,0.253,g,OK,,00 FD 00 00 35 F0 00 00
2026-05-21 15:09:09.231,0x200,512,accel_y_g,0.0,g,OK,,00 FD 00 00 35 F0 00 00
2026-05-21 15:09:09.231,0x200,512,voltage_v,13.808,V,OK,,00 FD 00 00 35 F0 00 00
2026-05-21 15:09:09.330,0x100,256,speed_kph,9.2,km/h,OK,,00 5C 00 00 00 00 AA AA
2026-05-21 15:09:09.330,0x101,257,rpm,1111.75,rpm,OK,,11 5F 00 00 00 00 00 00
2026-05-21 15:09:09.331,0x102,258,temp_c,21,C,OK,,3D 00 00 00 00 00 00 00
2026-05-21 15:09:09.332,0x200,512,accel_x_g,0.257,g,OK,,01 01 FF FF 35 C4 00 00
2026-05-21 15:09:09.332,0x200,512,accel_y_g,-0.001,g,OK,,01 01 FF FF 35 C4 00 00
2026-05-21 15:09:09.332,0x200,512,voltage_v,13.764,V,OK,,01 01 FF FF 35 C4 00 00
2026-05-21 15:09:09.430,0x100,256,speed_kph,9.5,km/h,OK,,00 5F 00 00 00 00 AA AA
2026-05-21 15:09:09.430,0x101,257,rpm,1099.75,rpm,OK,,11 2F 00 00 00 00 00 00
2026-05-21 15:09:09.432,0x102,258,temp_c,21,C,OK,,3D 00 00 00 00 00 00 00
2026-05-21 15:09:09.432,0x200,512,accel_x_g,0.249,g,OK,,00 F9 00 00 35 CD 00 00
2026-05-21 15:09:09.432,0x200,512,accel_y_g,0.0,g,OK,,00 F9 00 00 35 CD 00 00
2026-05-21 15:09:09.432,0x200,512,voltage_v,13.773,V,OK,,00 F9 00 00 35 CD 00 00
2026-05-21 15:09:09.531,0x100,256,speed_kph,9.7,km/h,OK,,00 61 00 00 00 00 AA AA
2026-05-21 15:09:09.531,0x101,257,rpm,1083.0,rpm,OK,,10 EC 00 00 00 00 00 00
2026-05-21 15:09:09.532,0x102,258,temp_c,21,C,OK,,3D 00 00 00 00 00 00 00
2026-05-21 15:09:09.532,0x200,512,accel_x_g,0.253,g,OK,,00 FD 00 00 35 FA 00 00
2026-05-21 15:09:09.532,0x200,512,accel_y_g,0.0,g,OK,,00 FD 00 00 35 FA 00 00
2026-05-21 15:09:09.532,0x200,512,voltage_v,13.818,V,OK,,00 FD 00 00 35 FA 00 00
2026-05-21 15:09:09.631,0x100,256,speed_kph,10.0,km/h,OK,,00 64 00 00 00 00 AA AA
2026-05-21 15:09:09.631,0x101,257,rpm,1108.25,rpm,OK,,11 51 00 00 00 00 00 00
2026-05-21 15:09:09.632,0x102,258,temp_c,22,C,OK,,3E 00 00 00 00 00 00 00
2026-05-21 15:09:09.633,0x200,512,accel_x_g,0.256,g,OK,,01 00 00 00 36 29 00 00
2026-05-21 15:09:09.633,0x200,512,accel_y_g,0.0,g,OK,,01 00 00 00 36 29 00 00
2026-05-21 15:09:09.633,0x200,512,voltage_v,13.865,V,OK,,01 00 00 00 36 29 00 00
2026-05-21 15:09:09.635,0x7ff,2047,heartbeat_count,4,count,OK,,00 00 00 04 00 00 00 00
2026-05-21 15:09:09.731,0x100,256,speed_kph,10.2,km/h,OK,,00 66 00 00 00 00 AA AA
2026-05-21 15:09:09.731,0x101,257,rpm,1076.5,rpm,OK,,10 D2 00 00 00 00 00 00
2026-05-21 15:09:09.733,0x102,258,temp_c,22,C,OK,,3E 00 00 00 00 00 00 00
2026-05-21 15:09:09.733,0x200,512,accel_x_g,0.246,g,OK,,00 F6 FF FF 35 AC 00 00
2026-05-21 15:09:09.733,0x200,512,accel_y_g,-0.001,g,OK,,00 F6 FF FF 35 AC 00 00
2026-05-21 15:09:09.733,0x200,512,voltage_v,13.74,V,OK,,00 F6 FF FF 35 AC 00 00
2026-05-21 15:09:09.832,0x100,256,speed_kph,10.5,km/h,OK,,00 69 00 00 00 00 AA AA
2026-05-21 15:09:09.832,0x101,257,rpm,1131.0,rpm,OK,,11 AC 00 00 00 00 00 00
2026-05-21 15:09:09.833,0x102,258,temp_c,22,C,OK,,3E 00 00 00 00 00 00 00
2026-05-21 15:09:09.833,0x200,512,accel_x_g,0.256,g,OK,,01 00 00 00 36 4A 00 00
2026-05-21 15:09:09.833,0x200,512,accel_y_g,0.0,g,OK,,01 00 00 00 36 4A 00 00
2026-05-21 15:09:09.833,0x200,512,voltage_v,13.898,V,OK,,01 00 00 00 36 4A 00 00
2026-05-21 15:09:09.932,0x100,256,speed_kph,10.7,km/h,OK,,00 6B 00 00 00 00 AA AA
2026-05-21 15:09:09.932,0x101,257,rpm,1080.75,rpm,OK,,10 E3 00 00 00 00 00 00
2026-05-21 15:09:09.933,0x102,258,temp_c,22,C,OK,,3E 00 00 00 00 00 00 00
2026-05-21 15:09:09.935,0x200,512,accel_x_g,0.255,g,OK,,00 FF 00 01 36 0F 00 00
2026-05-21 15:09:09.935,0x200,512,accel_y_g,0.001,g,OK,,00 FF 00 01 36 0F 00 00
2026-05-21 15:09:09.935,0x200,512,voltage_v,13.839,V,OK,,00 FF 00 01 36 0F 00 00
2026-05-21 15:09:10.032,0x100,256,speed_kph,11.0,km/h,OK,,00 6E 00 00 00 00 AA AA
2026-05-21 15:09:10.032,0x101,257,rpm,1090.75,rpm,OK,,11 0B 00 00 00 00 00 00
2026-05-21 15:09:10.033,0x102,258,temp_c,22,C,OK,,3E 00 00 00 00 00 00 00
2026-05-21 15:09:10.034,0x200,512,accel_x_g,0.262,g,OK,,01 06 00 03 35 F2 00 00
2026-05-21 15:09:10.034,0x200,512,accel_y_g,0.003,g,OK,,01 06 00 03 35 F2 00 00
2026-05-21 15:09:10.034,0x200,512,voltage_v,13.81,V,OK,,01 06 00 03 35 F2 00 00
2026-05-21 15:09:10.132,0x100,256,speed_kph,11.2,km/h,OK,,00 70 00 00 00 00 AA AA
2026-05-21 15:09:10.133,0x101,257,rpm,1155.25,rpm,OK,,12 0D 00 00 00 00 00 00
2026-05-21 15:09:10.135,0x102,258,temp_c,22,C,OK,,3E 00 00 00 00 00 00 00
2026-05-21 15:09:10.135,0x200,512,accel_x_g,0.256,g,OK,,01 00 FF FF 36 02 00 00
2026-05-21 15:09:10.135,0x200,512,accel_y_g,-0.001,g,OK,,01 00 FF FF 36 02 00 00
2026-05-21 15:09:10.135,0x200,512,voltage_v,13.826,V,OK,,01 00 FF FF 36 02 00 00
2026-05-21 15:09:10.233,0x100,256,speed_kph,11.5,km/h,OK,,00 73 00 00 00 00 AA AA
2026-05-21 15:09:10.233,0x101,257,rpm,1161.0,rpm,OK,,12 24 00 00 00 00 00 00
2026-05-21 15:09:10.234,0x102,258,temp_c,22,C,OK,,3E 00 00 00 00 00 00 00
2026-05-21 15:09:10.234,0x200,512,accel_x_g,0.242,g,OK,,00 F2 FF FF 36 0C 00 00
2026-05-21 15:09:10.234,0x200,512,accel_y_g,-0.001,g,OK,,00 F2 FF FF 36 0C 00 00
2026-05-21 15:09:10.234,0x200,512,voltage_v,13.836,V,OK,,00 F2 FF FF 36 0C 00 00
2026-05-21 15:09:10.333,0x100,256,speed_kph,11.7,km/h,OK,,00 75 00 00 00 00 AA AA
2026-05-21 15:09:10.333,0x101,257,rpm,1193.75,rpm,OK,,12 A7 00 00 00 00 00 00
2026-05-21 15:09:10.335,0x102,258,temp_c,22,C,OK,,3E 00 00 00 00 00 00 00
2026-05-21 15:09:10.335,0x200,512,accel_x_g,0.255,g,OK,,00 FF FF FE 35 BD 00 00
2026-05-21 15:09:10.335,0x200,512,accel_y_g,-0.002,g,OK,,00 FF FF FE 35 BD 00 00
2026-05-21 15:09:10.335,0x200,512,voltage_v,13.757,V,OK,,00 FF FF FE 35 BD 00 00
2026-05-21 15:09:10.433,0x100,256,speed_kph,12.0,km/h,OK,,00 78 00 00 00 00 AA AA
2026-05-21 15:09:10.434,0x101,257,rpm,1149.5,rpm,OK,,11 F6 00 00 00 00 00 00
2026-05-21 15:09:10.435,0x102,258,temp_c,22,C,OK,,3E 00 00 00 00 00 00 00
2026-05-21 15:09:10.435,0x200,512,accel_x_g,0.256,g,OK,,01 00 00 00 35 FC 00 00
2026-05-21 15:09:10.435,0x200,512,accel_y_g,0.0,g,OK,,01 00 00 00 35 FC 00 00
2026-05-21 15:09:10.435,0x200,512,voltage_v,13.82,V,OK,,01 00 00 00 35 FC 00 00
2026-05-21 15:09:10.534,0x100,256,speed_kph,12.2,km/h,OK,,00 7A 00 00 00 00 AA AA
2026-05-21 15:09:10.534,0x101,257,rpm,1125.75,rpm,OK,,11 97 00 00 00 00 00 00
2026-05-21 15:09:10.536,0x102,258,temp_c,22,C,OK,,3E 00 00 00 00 00 00 00
2026-05-21 15:09:10.536,0x200,512,accel_x_g,0.25,g,OK,,00 FA FF FD 35 E8 00 00
2026-05-21 15:09:10.536,0x200,512,accel_y_g,-0.003,g,OK,,00 FA FF FD 35 E8 00 00
2026-05-21 15:09:10.536,0x200,512,voltage_v,13.8,V,OK,,00 FA FF FD 35 E8 00 00
2026-05-21 15:09:10.634,0x100,256,speed_kph,12.5,km/h,OK,,00 7D 00 00 00 00 AA AA
2026-05-21 15:09:10.634,0x101,257,rpm,1149.25,rpm,OK,,11 F5 00 00 00 00 00 00
2026-05-21 15:09:10.636,0x102,258,temp_c,22,C,OK,,3E 00 00 00 00 00 00 00
2026-05-21 15:09:10.636,0x200,512,accel_x_g,0.259,g,OK,,01 03 00 01 35 F1 00 00
2026-05-21 15:09:10.636,0x200,512,accel_y_g,0.001,g,OK,,01 03 00 01 35 F1 00 00
2026-05-21 15:09:10.636,0x200,512,voltage_v,13.809,V,OK,,01 03 00 01 35 F1 00 00
2026-05-21 15:09:10.637,0x7ff,2047,heartbeat_count,5,count,OK,,00 00 00 05 00 00 00 00
2026-05-21 15:09:10.735,0x100,256,speed_kph,12.7,km/h,OK,,00 7F 00 00 00 00 AA AA
2026-05-21 15:09:10.737,0x101,257,rpm,1144.25,rpm,OK,,11 E1 00 00 00 00 00 00
2026-05-21 15:09:10.738,0x102,258,temp_c,22,C,OK,,3E 00 00 00 00 00 00 00
2026-05-21 15:09:10.738,0x200,512,accel_x_g,0.246,g,OK,,00 F6 FF FF 35 E6 00 00
2026-05-21 15:09:10.738,0x200,512,accel_y_g,-0.001,g,OK,,00 F6 FF FF 35 E6 00 00
2026-05-21 15:09:10.738,0x200,512,voltage_v,13.798,V,OK,,00 F6 FF FF 35 E6 00 00
2026-05-21 15:09:10.835,0x100,256,speed_kph,13.0,km/h,OK,,00 82 00 00 00 00 AA AA
2026-05-21 15:09:10.835,0x101,257,rpm,1232.0,rpm,OK,,13 40 00 00 00 00 00 00
2026-05-21 15:09:10.837,0x102,258,temp_c,22,C,OK,,3E 00 00 00 00 00 00 00
2026-05-21 15:09:10.837,0x200,512,accel_x_g,0.25,g,OK,,00 FA 00 02 35 F3 00 00
2026-05-21 15:09:10.837,0x200,512,accel_y_g,0.002,g,OK,,00 FA 00 02 35 F3 00 00
2026-05-21 15:09:10.837,0x200,512,voltage_v,13.811,V,OK,,00 FA 00 02 35 F3 00 00
2026-05-21 15:09:10.935,0x100,256,speed_kph,13.2,km/h,OK,,00 84 00 00 00 00 AA AA
2026-05-21 15:09:10.935,0x101,257,rpm,1199.5,rpm,OK,,12 BE 00 00 00 00 00 00
2026-05-21 15:09:10.937,0x102,258,temp_c,22,C,OK,,3E 00 00 00 00 00 00 00
2026-05-21 15:09:10.937,0x200,512,accel_x_g,0.252,g,OK,,00 FC 00 00 36 0B 00 00
2026-05-21 15:09:10.937,0x200,512,accel_y_g,0.0,g,OK,,00 FC 00 00 36 0B 00 00
2026-05-21 15:09:10.937,0x200,512,voltage_v,13.835,V,OK,,00 FC 00 00 36 0B 00 00
2026-05-21 15:09:11.035,0x100,256,speed_kph,13.5,km/h,OK,,00 87 00 00 00 00 AA AA
2026-05-21 15:09:11.035,0x101,257,rpm,1201.25,rpm,OK,,12 C5 00 00 00 00 00 00
2026-05-21 15:09:11.037,0x102,258,temp_c,22,C,OK,,3E 00 00 00 00 00 00 00
2026-05-21 15:09:11.037,0x200,512,accel_x_g,0.254,g,OK,,00 FE FF FC 36 08 00 00
2026-05-21 15:09:11.037,0x200,512,accel_y_g,-0.004,g,OK,,00 FE FF FC 36 08 00 00
2026-05-21 15:09:11.037,0x200,512,voltage_v,13.832,V,OK,,00 FE FF FC 36 08 00 00
2026-05-21 15:09:11.136,0x100,256,speed_kph,13.7,km/h,OK,,00 89 00 00 00 00 AA AA
2026-05-21 15:09:11.136,0x101,257,rpm,1225.5,rpm,OK,,13 26 00 00 00 00 00 00
2026-05-21 15:09:11.137,0x102,258,temp_c,22,C,OK,,3E 00 00 00 00 00 00 00
2026-05-21 15:09:11.137,0x200,512,accel_x_g,0.251,g,OK,,00 FB 00 00 35 CF 00 00
2026-05-21 15:09:11.137,0x200,512,accel_y_g,0.0,g,OK,,00 FB 00 00 35 CF 00 00
2026-05-21 15:09:11.137,0x200,512,voltage_v,13.775,V,OK,,00 FB 00 00 35 CF 00 00
2026-05-21 15:09:11.236,0x100,256,speed_kph,14.0,km/h,OK,,00 8C 00 00 00 00 AA AA
2026-05-21 15:09:11.236,0x101,257,rpm,1247.75,rpm,OK,,13 7F 00 00 00 00 00 00
2026-05-21 15:09:11.238,0x102,258,temp_c,22,C,OK,,3E 00 00 00 00 00 00 00
2026-05-21 15:09:11.238,0x200,512,accel_x_g,0.253,g,OK,,00 FD FF F9 36 2E 00 00
2026-05-21 15:09:11.238,0x200,512,accel_y_g,-0.007,g,OK,,00 FD FF F9 36 2E 00 00
2026-05-21 15:09:11.238,0x200,512,voltage_v,13.87,V,OK,,00 FD FF F9 36 2E 00 00
2026-05-21 15:09:11.337,0x100,256,speed_kph,14.2,km/h,OK,,00 8E 00 00 00 00 AA AA
2026-05-21 15:09:11.337,0x101,257,rpm,1261.5,rpm,OK,,13 B6 00 00 00 00 00 00
2026-05-21 15:09:11.338,0x102,258,temp_c,22,C,OK,,3E 00 00 00 00 00 00 00
2026-05-21 15:09:11.338,0x200,512,accel_x_g,0.26,g,OK,,01 04 FF FE 36 0A 00 00
2026-05-21 15:09:11.338,0x200,512,accel_y_g,-0.002,g,OK,,01 04 FF FE 36 0A 00 00
2026-05-21 15:09:11.338,0x200,512,voltage_v,13.834,V,OK,,01 04 FF FE 36 0A 00 00
2026-05-21 15:09:11.437,0x100,256,speed_kph,14.5,km/h,OK,,00 91 00 00 00 00 AA AA
2026-05-21 15:09:11.437,0x101,257,rpm,1279.75,rpm,OK,,13 FF 00 00 00 00 00 00
2026-05-21 15:09:11.438,0x102,258,temp_c,22,C,OK,,3E 00 00 00 00 00 00 00
2026-05-21 15:09:11.438,0x200,512,accel_x_g,0.245,g,OK,,00 F5 00 02 35 F2 00 00
2026-05-21 15:09:11.438,0x200,512,accel_y_g,0.002,g,OK,,00 F5 00 02 35 F2 00 00
2026-05-21 15:09:11.438,0x200,512,voltage_v,13.81,V,OK,,00 F5 00 02 35 F2 00 00
2026-05-21 15:09:11.537,0x100,256,speed_kph,14.7,km/h,OK,,00 93 00 00 00 00 AA AA
2026-05-21 15:09:11.537,0x101,257,rpm,1263.25,rpm,OK,,13 BD 00 00 00 00 00 00
2026-05-21 15:09:11.539,0x102,258,temp_c,22,C,OK,,3E 00 00 00 00 00 00 00
2026-05-21 15:09:11.539,0x200,512,accel_x_g,0.258,g,OK,,01 02 00 04 36 21 00 00
2026-05-21 15:09:11.539,0x200,512,accel_y_g,0.004,g,OK,,01 02 00 04 36 21 00 00
2026-05-21 15:09:11.539,0x200,512,voltage_v,13.857,V,OK,,01 02 00 04 36 21 00 00
2026-05-21 15:09:11.638,0x100,256,speed_kph,15.0,km/h,OK,,00 96 00 00 00 00 AA AA
2026-05-21 15:09:11.638,0x101,257,rpm,1255.5,rpm,OK,,13 9E 00 00 00 00 00 00
2026-05-21 15:09:11.639,0x102,258,temp_c,23,C,OK,,3F 00 00 00 00 00 00 00
2026-05-21 15:09:11.640,0x200,512,accel_x_g,0.256,g,OK,,01 00 FF FF 35 C1 00 00
2026-05-21 15:09:11.640,0x200,512,accel_y_g,-0.001,g,OK,,01 00 FF FF 35 C1 00 00
2026-05-21 15:09:11.640,0x200,512,voltage_v,13.761,V,OK,,01 00 FF FF 35 C1 00 00
2026-05-21 15:09:11.641,0x7ff,2047,heartbeat_count,6,count,OK,,00 00 00 06 00 00 00 00
2026-05-21 15:09:11.738,0x100,256,speed_kph,15.2,km/h,OK,,00 98 00 00 00 00 AA AA
2026-05-21 15:09:11.738,0x101,257,rpm,1217.75,rpm,OK,,13 07 00 00 00 00 00 00
2026-05-21 15:09:11.740,0x102,258,temp_c,23,C,OK,,3F 00 00 00 00 00 00 00
2026-05-21 15:09:11.740,0x200,512,accel_x_g,0.26,g,OK,,01 04 00 00 36 19 00 00
2026-05-21 15:09:11.740,0x200,512,accel_y_g,0.0,g,OK,,01 04 00 00 36 19 00 00
2026-05-21 15:09:11.740,0x200,512,voltage_v,13.849,V,OK,,01 04 00 00 36 19 00 00
2026-05-21 15:09:11.838,0x100,256,speed_kph,15.5,km/h,OK,,00 9B 00 00 00 00 AA AA
2026-05-21 15:09:11.838,0x101,257,rpm,1262.0,rpm,OK,,13 B8 00 00 00 00 00 00
2026-05-21 15:09:11.840,0x102,258,temp_c,23,C,OK,,3F 00 00 00 00 00 00 00
2026-05-21 15:09:11.840,0x200,512,accel_x_g,0.26,g,OK,,01 04 FF F9 35 DF 00 00
2026-05-21 15:09:11.840,0x200,512,accel_y_g,-0.007,g,OK,,01 04 FF F9 35 DF 00 00
2026-05-21 15:09:11.840,0x200,512,voltage_v,13.791,V,OK,,01 04 FF F9 35 DF 00 00
2026-05-21 15:09:11.938,0x100,256,speed_kph,15.7,km/h,OK,,00 9D 00 00 00 00 AA AA
2026-05-21 15:09:11.939,0x101,257,rpm,1321.25,rpm,OK,,14 A5 00 00 00 00 00 00
2026-05-21 15:09:11.940,0x102,258,temp_c,23,C,OK,,3F 00 00 00 00 00 00 00
2026-05-21 15:09:11.940,0x200,512,accel_x_g,0.252,g,OK,,00 FC 00 00 35 99 00 00
2026-05-21 15:09:11.940,0x200,512,accel_y_g,0.0,g,OK,,00 FC 00 00 35 99 00 00
2026-05-21 15:09:11.940,0x200,512,voltage_v,13.721,V,OK,,00 FC 00 00 35 99 00 00
2026-05-21 15:09:12.039,0x100,256,speed_kph,16.0,km/h,OK,,00 A0 00 00 00 00 AA AA
2026-05-21 15:09:12.039,0x101,257,rpm,1261.75,rpm,OK,,13 B7 00 00 00 00 00 00
2026-05-21 15:09:12.040,0x102,258,temp_c,23,C,OK,,3F 00 00 00 00 00 00 00
2026-05-21 15:09:12.041,0x200,512,accel_x_g,0.255,g,OK,,00 FF 00 00 35 CE 00 00
2026-05-21 15:09:12.041,0x200,512,accel_y_g,0.0,g,OK,,00 FF 00 00 35 CE 00 00
2026-05-21 15:09:12.041,0x200,512,voltage_v,13.774,V,OK,,00 FF 00 00 35 CE 00 00
2026-05-21 15:09:12.139,0x100,256,speed_kph,16.2,km/h,OK,,00 A2 00 00 00 00 AA AA
2026-05-21 15:09:12.139,0x101,257,rpm,1250.5,rpm,OK,,13 8A 00 00 00 00 00 00
2026-05-21 15:09:12.141,0x102,258,temp_c,23,C,OK,,3F 00 00 00 00 00 00 00
2026-05-21 15:09:12.141,0x200,512,accel_x_g,0.259,g,OK,,01 03 00 00 36 15 00 00
2026-05-21 15:09:12.141,0x200,512,accel_y_g,0.0,g,OK,,01 03 00 00 36 15 00 00
2026-05-21 15:09:12.141,0x200,512,voltage_v,13.845,V,OK,,01 03 00 00 36 15 00 00
2026-05-21 15:09:12.239,0x100,256,speed_kph,16.5,km/h,OK,,00 A5 00 00 00 00 AA AA
2026-05-21 15:09:12.240,0x101,257,rpm,1266.75,rpm,OK,,13 CB 00 00 00 00 00 00
2026-05-21 15:09:12.241,0x102,258,temp_c,23,C,OK,,3F 00 00 00 00 00 00 00
2026-05-21 15:09:12.241,0x200,512,accel_x_g,0.259,g,OK,,01 03 FF FF 35 FE 00 00
2026-05-21 15:09:12.241,0x200,512,accel_y_g,-0.001,g,OK,,01 03 FF FF 35 FE 00 00
2026-05-21 15:09:12.241,0x200,512,voltage_v,13.822,V,OK,,01 03 FF FF 35 FE 00 00
2026-05-21 15:09:12.340,0x100,256,speed_kph,16.7,km/h,OK,,00 A7 00 00 00 00 AA AA
2026-05-21 15:09:12.340,0x101,257,rpm,1289.75,rpm,OK,,14 27 00 00 00 00 00 00
2026-05-21 15:09:12.342,0x102,258,temp_c,23,C,OK,,3F 00 00 00 00 00 00 00
2026-05-21 15:09:12.342,0x200,512,accel_x_g,0.255,g,OK,,00 FF FF FF 35 61 00 00
2026-05-21 15:09:12.342,0x200,512,accel_y_g,-0.001,g,OK,,00 FF FF FF 35 61 00 00
2026-05-21 15:09:12.342,0x200,512,voltage_v,13.665,V,OK,,00 FF FF FF 35 61 00 00
2026-05-21 15:09:12.440,0x100,256,speed_kph,17.0,km/h,OK,,00 AA 00 00 00 00 AA AA
2026-05-21 15:09:12.440,0x101,257,rpm,1260.25,rpm,OK,,13 B1 00 00 00 00 00 00
2026-05-21 15:09:12.442,0x102,258,temp_c,23,C,OK,,3F 00 00 00 00 00 00 00
2026-05-21 15:09:12.442,0x200,512,accel_x_g,0.255,g,OK,,00 FF 00 04 35 D2 00 00
2026-05-21 15:09:12.442,0x200,512,accel_y_g,0.004,g,OK,,00 FF 00 04 35 D2 00 00
2026-05-21 15:09:12.442,0x200,512,voltage_v,13.778,V,OK,,00 FF 00 04 35 D2 00 00
2026-05-21 15:09:12.540,0x100,256,speed_kph,17.2,km/h,OK,,00 AC 00 00 00 00 AA AA
2026-05-21 15:09:12.541,0x101,257,rpm,1340.0,rpm,OK,,14 F0 00 00 00 00 00 00
2026-05-21 15:09:12.542,0x102,258,temp_c,23,C,OK,,3F 00 00 00 00 00 00 00
2026-05-21 15:09:12.542,0x200,512,accel_x_g,0.252,g,OK,,00 FC 00 03 35 C1 00 00
2026-05-21 15:09:12.542,0x200,512,accel_y_g,0.003,g,OK,,00 FC 00 03 35 C1 00 00
2026-05-21 15:09:12.542,0x200,512,voltage_v,13.761,V,OK,,00 FC 00 03 35 C1 00 00
2026-05-21 15:09:12.641,0x100,256,speed_kph,17.5,km/h,OK,,00 AF 00 00 00 00 AA AA
2026-05-21 15:09:12.641,0x101,257,rpm,1351.75,rpm,OK,,15 1F 00 00 00 00 00 00
2026-05-21 15:09:12.643,0x102,258,temp_c,23,C,OK,,3F 00 00 00 00 00 00 00
2026-05-21 15:09:12.643,0x200,512,accel_x_g,0.248,g,OK,,00 F8 00 02 36 16 00 00
2026-05-21 15:09:12.643,0x200,512,accel_y_g,0.002,g,OK,,00 F8 00 02 36 16 00 00
2026-05-21 15:09:12.643,0x200,512,voltage_v,13.846,V,OK,,00 F8 00 02 36 16 00 00
2026-05-21 15:09:12.644,0x7ff,2047,heartbeat_count,7,count,OK,,00 00 00 07 00 00 00 00
2026-05-21 15:09:12.741,0x100,256,speed_kph,17.7,km/h,OK,,00 B1 00 00 00 00 AA AA
2026-05-21 15:09:12.741,0x101,257,rpm,1324.0,rpm,OK,,14 B0 00 00 00 00 00 00
2026-05-21 15:09:12.743,0x102,258,temp_c,23,C,OK,,3F 00 00 00 00 00 00 00
2026-05-21 15:09:12.743,0x200,512,accel_x_g,0.257,g,OK,,01 01 00 01 35 FB 00 00
2026-05-21 15:09:12.743,0x200,512,accel_y_g,0.001,g,OK,,01 01 00 01 35 FB 00 00
2026-05-21 15:09:12.743,0x200,512,voltage_v,13.819,V,OK,,01 01 00 01 35 FB 00 00
2026-05-21 15:09:12.841,0x100,256,speed_kph,18.0,km/h,OK,,00 B4 00 00 00 00 AA AA
2026-05-21 15:09:12.842,0x101,257,rpm,1315.5,rpm,OK,,14 8E 00 00 00 00 00 00
2026-05-21 15:09:12.843,0x102,258,temp_c,23,C,OK,,3F 00 00 00 00 00 00 00
2026-05-21 15:09:12.843,0x200,512,accel_x_g,0.257,g,OK,,01 01 00 00 36 06 00 00
2026-05-21 15:09:12.843,0x200,512,accel_y_g,0.0,g,OK,,01 01 00 00 36 06 00 00
2026-05-21 15:09:12.843,0x200,512,voltage_v,13.83,V,OK,,01 01 00 00 36 06 00 00
2026-05-21 15:09:12.942,0x100,256,speed_kph,18.2,km/h,OK,,00 B6 00 00 00 00 AA AA
2026-05-21 15:09:12.942,0x101,257,rpm,1367.0,rpm,OK,,15 5C 00 00 00 00 00 00
2026-05-21 15:09:12.943,0x102,258,temp_c,23,C,OK,,3F 00 00 00 00 00 00 00
2026-05-21 15:09:12.944,0x200,512,accel_x_g,0.257,g,OK,,01 01 00 00 36 50 00 00
2026-05-21 15:09:12.944,0x200,512,accel_y_g,0.0,g,OK,,01 01 00 00 36 50 00 00
2026-05-21 15:09:12.944,0x200,512,voltage_v,13.904,V,OK,,01 01 00 00 36 50 00 00
2026-05-21 15:09:13.042,0x100,256,speed_kph,18.5,km/h,OK,,00 B9 00 00 00 00 AA AA
2026-05-21 15:09:13.042,0x101,257,rpm,1382.75,rpm,OK,,15 9B 00 00 00 00 00 00
2026-05-21 15:09:13.044,0x102,258,temp_c,23,C,OK,,3F 00 00 00 00 00 00 00
2026-05-21 15:09:13.044,0x200,512,accel_x_g,0.255,g,OK,,00 FF 00 02 36 00 00 00
2026-05-21 15:09:13.044,0x200,512,accel_y_g,0.002,g,OK,,00 FF 00 02 36 00 00 00
2026-05-21 15:09:13.044,0x200,512,voltage_v,13.824,V,OK,,00 FF 00 02 36 00 00 00
2026-05-21 15:09:13.142,0x100,256,speed_kph,18.7,km/h,OK,,00 BB 00 00 00 00 AA AA
2026-05-21 15:09:13.143,0x101,257,rpm,1383.25,rpm,OK,,15 9D 00 00 00 00 00 00
2026-05-21 15:09:13.144,0x102,258,temp_c,23,C,OK,,3F 00 00 00 00 00 00 00
2026-05-21 15:09:13.144,0x200,512,accel_x_g,0.239,g,OK,,00 EF 00 01 36 1E 00 00
2026-05-21 15:09:13.144,0x200,512,accel_y_g,0.001,g,OK,,00 EF 00 01 36 1E 00 00
2026-05-21 15:09:13.144,0x200,512,voltage_v,13.854,V,OK,,00 EF 00 01 36 1E 00 00
2026-05-21 15:09:13.243,0x100,256,speed_kph,19.0,km/h,OK,,00 BE 00 00 00 00 AA AA
2026-05-21 15:09:13.243,0x101,257,rpm,1370.5,rpm,OK,,15 6A 00 00 00 00 00 00
2026-05-21 15:09:13.244,0x102,258,temp_c,23,C,OK,,3F 00 00 00 00 00 00 00
2026-05-21 15:09:13.245,0x200,512,accel_x_g,0.25,g,OK,,00 FA 00 00 36 02 00 00
2026-05-21 15:09:13.245,0x200,512,accel_y_g,0.0,g,OK,,00 FA 00 00 36 02 00 00
2026-05-21 15:09:13.245,0x200,512,voltage_v,13.826,V,OK,,00 FA 00 00 36 02 00 00
2026-05-21 15:09:13.343,0x100,256,speed_kph,19.2,km/h,OK,,00 C0 00 00 00 00 AA AA
2026-05-21 15:09:13.344,0x101,257,rpm,1382.75,rpm,OK,,15 9B 00 00 00 00 00 00
2026-05-21 15:09:13.345,0x102,258,temp_c,23,C,OK,,3F 00 00 00 00 00 00 00
2026-05-21 15:09:13.345,0x200,512,accel_x_g,0.251,g,OK,,00 FB FF FD 36 0A 00 00
2026-05-21 15:09:13.345,0x200,512,accel_y_g,-0.003,g,OK,,00 FB FF FD 36 0A 00 00
2026-05-21 15:09:13.345,0x200,512,voltage_v,13.834,V,OK,,00 FB FF FD 36 0A 00 00
2026-05-21 15:09:13.444,0x100,256,speed_kph,19.5,km/h,OK,,00 C3 00 00 00 00 AA AA
2026-05-21 15:09:13.444,0x101,257,rpm,1385.0,rpm,OK,,15 A4 00 00 00 00 00 00
2026-05-21 15:09:13.445,0x102,258,temp_c,23,C,OK,,3F 00 00 00 00 00 00 00
2026-05-21 15:09:13.446,0x200,512,accel_x_g,0.256,g,OK,,01 00 00 03 36 03 00 00
2026-05-21 15:09:13.446,0x200,512,accel_y_g,0.003,g,OK,,01 00 00 03 36 03 00 00
2026-05-21 15:09:13.446,0x200,512,voltage_v,13.827,V,OK,,01 00 00 03 36 03 00 00
2026-05-21 15:09:13.544,0x100,256,speed_kph,19.7,km/h,OK,,00 C5 00 00 00 00 AA AA
2026-05-21 15:09:13.544,0x101,257,rpm,1413.0,rpm,OK,,16 14 00 00 00 00 00 00
2026-05-21 15:09:13.546,0x102,258,temp_c,23,C,OK,,3F 00 00 00 00 00 00 00
2026-05-21 15:09:13.546,0x200,512,accel_x_g,0.249,g,OK,,00 F9 00 01 35 D0 00 00
2026-05-21 15:09:13.546,0x200,512,accel_y_g,0.001,g,OK,,00 F9 00 01 35 D0 00 00
2026-05-21 15:09:13.546,0x200,512,voltage_v,13.776,V,OK,,00 F9 00 01 35 D0 00 00
2026-05-21 15:09:13.645,0x100,256,speed_kph,20.0,km/h,OK,,00 C8 00 00 00 00 AA AA
2026-05-21 15:09:13.645,0x101,257,rpm,1393.25,rpm,OK,,15 C5 00 00 00 00 00 00
2026-05-21 15:09:13.646,0x102,258,temp_c,24,C,OK,,40 00 00 00 00 00 00 00
2026-05-21 15:09:13.646,0x200,512,accel_x_g,0.255,g,OK,,00 FF FF FF 35 BA 00 00
2026-05-21 15:09:13.646,0x200,512,accel_y_g,-0.001,g,OK,,00 FF FF FF 35 BA 00 00
2026-05-21 15:09:13.646,0x200,512,voltage_v,13.754,V,OK,,00 FF FF FF 35 BA 00 00
2026-05-21 15:09:13.648,0x7ff,2047,heartbeat_count,8,count,OK,,00 00 00 08 00 00 00 00
2026-05-21 15:09:13.745,0x100,256,speed_kph,20.2,km/h,OK,,00 CA 00 00 00 00 AA AA
2026-05-21 15:09:13.745,0x101,257,rpm,1403.5,rpm,OK,,15 EE 00 00 00 00 00 00
2026-05-21 15:09:13.747,0x102,258,temp_c,24,C,OK,,40 00 00 00 00 00 00 00
2026-05-21 15:09:13.747,0x200,512,accel_x_g,0.255,g,OK,,00 FF 00 02 36 36 00 00
2026-05-21 15:09:13.747,0x200,512,accel_y_g,0.002,g,OK,,00 FF 00 02 36 36 00 00
2026-05-21 15:09:13.747,0x200,512,voltage_v,13.878,V,OK,,00 FF 00 02 36 36 00 00
2026-05-21 15:09:13.845,0x100,256,speed_kph,20.5,km/h,OK,,00 CD 00 00 00 00 AA AA
2026-05-21 15:09:13.846,0x101,257,rpm,1409.5,rpm,OK,,16 06 00 00 00 00 00 00
2026-05-21 15:09:13.847,0x102,258,temp_c,24,C,OK,,40 00 00 00 00 00 00 00
2026-05-21 15:09:13.847,0x200,512,accel_x_g,0.263,g,OK,,01 07 00 01 35 D7 00 00
2026-05-21 15:09:13.847,0x200,512,accel_y_g,0.001,g,OK,,01 07 00 01 35 D7 00 00
2026-05-21 15:09:13.847,0x200,512,voltage_v,13.783,V,OK,,01 07 00 01 35 D7 00 00
2026-05-21 15:09:13.946,0x100,256,speed_kph,20.7,km/h,OK,,00 CF 00 00 00 00 AA AA
2026-05-21 15:09:13.947,0x101,257,rpm,1397.5,rpm,OK,,15 D6 00 00 00 00 00 00
2026-05-21 15:09:13.947,0x102,258,temp_c,24,C,OK,,40 00 00 00 00 00 00 00
2026-05-21 15:09:13.948,0x200,512,accel_x_g,0.251,g,OK,,00 FB 00 00 36 0B 00 00
2026-05-21 15:09:13.948,0x200,512,accel_y_g,0.0,g,OK,,00 FB 00 00 36 0B 00 00
2026-05-21 15:09:13.948,0x200,512,voltage_v,13.835,V,OK,,00 FB 00 00 36 0B 00 00
2026-05-21 15:09:14.046,0x100,256,speed_kph,21.0,km/h,OK,,00 D2 00 00 00 00 AA AA
2026-05-21 15:09:14.046,0x101,257,rpm,1386.5,rpm,OK,,15 AA 00 00 00 00 00 00
2026-05-21 15:09:14.048,0x102,258,temp_c,24,C,OK,,40 00 00 00 00 00 00 00
2026-05-21 15:09:14.048,0x200,512,accel_x_g,0.249,g,OK,,00 F9 00 01 35 DE 00 00
2026-05-21 15:09:14.048,0x200,512,accel_y_g,0.001,g,OK,,00 F9 00 01 35 DE 00 00
2026-05-21 15:09:14.048,0x200,512,voltage_v,13.79,V,OK,,00 F9 00 01 35 DE 00 00
2026-05-21 15:09:14.146,0x100,256,speed_kph,21.2,km/h,OK,,00 D4 00 00 00 00 AA AA
2026-05-21 15:09:14.147,0x101,257,rpm,1484.5,rpm,OK,,17 32 00 00 00 00 00 00
2026-05-21 15:09:14.148,0x102,258,temp_c,24,C,OK,,40 00 00 00 00 00 00 00
2026-05-21 15:09:14.148,0x200,512,accel_x_g,0.259,g,OK,,01 03 FF FE 36 04 00 00
2026-05-21 15:09:14.148,0x200,512,accel_y_g,-0.002,g,OK,,01 03 FF FE 36 04 00 00
2026-05-21 15:09:14.148,0x200,512,voltage_v,13.828,V,OK,,01 03 FF FE 36 04 00 00
2026-05-21 15:09:14.247,0x100,256,speed_kph,21.5,km/h,OK,,00 D7 00 00 00 00 AA AA
2026-05-21 15:09:14.247,0x101,257,rpm,1409.25,rpm,OK,,16 05 00 00 00 00 00 00
2026-05-21 15:09:14.248,0x102,258,temp_c,24,C,OK,,40 00 00 00 00 00 00 00
2026-05-21 15:09:14.248,0x200,512,accel_x_g,0.257,g,OK,,01 01 00 00 35 F8 00 00
2026-05-21 15:09:14.248,0x200,512,accel_y_g,0.0,g,OK,,01 01 00 00 35 F8 00 00
2026-05-21 15:09:14.248,0x200,512,voltage_v,13.816,V,OK,,01 01 00 00 35 F8 00 00
